Valores reais,Valores preditos,Erros relativos,Meses,Marca,Modelo,Ano-modelo
240.776,222.435,0.0761745356680068,Mes 13,Audi,RS Q3 2.5 TFSI Quattro S-tronic 5p,2015
246.443,232.2972,0.05739988557191727,Mes 13,Audi,RS Q3 2.5 TFSI Quattro S-tronic 5p,2016
294.005,250.10549999999998,0.14931548783183965,Mes 14,Audi,RS Q3 2.5 TFSI Quattro S-tronic 5p,2017
300.855,275.6691,0.08371441392032708,Mes 14,Audi,RS Q3 2.5 TFSI Quattro S-tronic 5p,2018
131.572,118.48500000000001,0.09946645182865647,Mes 13,Audi,RS Q3 2.5 TFSI Quattro S-tronic 5p,2015
139.663,124.2441,0.11040075037769492,Mes 13,Audi,RS Q3 2.5 TFSI Quattro S-tronic 5p,2016
298.4,141.66090000000003,0.5252650804289543,Mes 18,Audi,RS Q3 2.5 TFSI Quattro S-tronic 5p,2017
131.572,118.48500000000001,0.09946645182865647,Mes 13,Audi,Q3 2.0 TFSI Quat. 170/180cv S-tronic 5p,2015
139.663,124.2441,0.11040075037769492,Mes 13,Audi,Q3 2.0 TFSI Quat. 170/180cv S-tronic 5p,2016
160.025,141.66090000000003,0.11475769411029513,Mes 18,Audi,Q3 2.0 TFSI Quat. 170/180cv S-tronic 5p,2017
163.697,149.3406,0.08770105744149256,Mes 13,Audi,Q3 2.0 TFSI Quat. 170/180cv S-tronic 5p,2018
141.697,142.1226,0.003003592172029068,Mes 13,Audi,Q3 2.0 TFSI Quat. 211/220cv S-tronic 5p,2015
141.331,137.0052,0.030607580785531746,Mes 13,Audi,Q3 2.0 TFSI Quat. 211/220cv S-tronic 5p,2016
180.46,170.0505,0.05768314307879867,Mes 20,Audi,Q3 2.0 TFSI Quat. 211/220cv S-tronic 5p,2017
197.695,174.6891,0.11637067199473936,Mes 13,Audi,Q3 2.0 TFSI Quat. 211/220cv S-tronic 5p,2018
153.33,144.5616,0.05718646057522998,Mes 13,BMW,X1 XDRIVE 28i Sport 2.0 ActiveFlex Aut.,2015
51.927,48.1518,0.07270206251083249,Mes 13,CAOA Chery,Tiggo 2.0 16V Aut. 5p,2015
49.296,42.7635,0.1325158227848101,Mes 13,CAOA Chery,Tiggo 2.0 16V Mec. 5p,2015
30.791,27.7938,0.09734013185671135,Mes 13,Chevrolet,Classic ADVANTAGE 1.0 VHC FlexPower 4p,2015
27.93,24.5745,0.1201396348012889,Mes 13,Chevrolet,Classic Life/LS 1.0 VHC FlexP. 4p,2015
29.748,26.424,0.11173860427591775,Mes 13,Chevrolet,Classic Life/LS 1.0 VHC FlexP. 4p,2016
44.72,40.617000000000004,0.09174865831842564,Mes 13,Chevrolet,COBALT LT 1.8 8V Econo.Flex 4p Aut.,2015
42.835,37.809,0.1173339558772033,Mes 13,Chevrolet,COBALT LT 1.8 8V Econo.Flex 4p Mec.,2015
46.671,40.3335,0.1357909622677894,Mes 13,Chevrolet,COBALT LTZ 1.8 8V Econo.Flex 4p Mec.,2015
51.946,47.6109,0.08345397143187151,Mes 13,Chevrolet,COBALT LTZ 1.8 8V Econo.Flex 4p Mec.,2016
55.489,49.4487,0.10885580925949279,Mes 13,Chevrolet,COBALT LTZ 1.8 8V Econo.Flex 4p Mec.,2017
56.225,51.656400000000005,0.08125566918630496,Mes 13,Chevrolet,COBALT LTZ 1.8 8V Econo.Flex 4p Mec.,2018
56.913,52.3224,0.08065995466765054,Mes 13,Chevrolet,COBALT LTZ 1.8 8V Econo.Flex 4p Mec.,2019
62.0,55.0098,0.11274516129032261,Mes 13,Chevrolet,COBALT LTZ 1.8 8V Econo.Flex 4p Mec.,2020
75.885,69.048,0.09009685708638074,Mes 13,Chevrolet,TRACKER LTZ 1.8 16V Flex 4x2 Aut.,2015
80.078,70.9263,0.11428482229825926,Mes 17,Chevrolet,TRACKER LTZ 1.8 16V Flex 4x2 Aut.,2016
75.987,63.83970000000001,0.15986023925145074,Mes 29,Chevrolet,SPIN ACTIV 1.8 8V Econo. Flex 5p Aut.,2019
76.513,67.4487,0.11846744997582113,Mes 13,Chevrolet,SPIN ACTIV 1.8 8V Econo. Flex 5p Aut.,2020
42.34,38.609100000000005,0.08811761927255546,Mes 13,Chevrolet,ONIX HATCH LT 1.4 8V FlexPower 5p Aut.,2015
45.517,39.978,0.12169079684513481,Mes 13,Chevrolet,ONIX HATCH LT 1.4 8V FlexPower 5p Aut.,2016
48.141,44.6994,0.0714899981304917,Mes 13,Chevrolet,ONIX HATCH LT 1.4 8V FlexPower 5p Aut.,2017
49.877,44.9955,0.09787076207470381,Mes 13,Chevrolet,ONIX HATCH LT 1.4 8V FlexPower 5p Aut.,2018
52.668,47.2122,0.10358851674641141,Mes 13,Chevrolet,ONIX HATCH LT 1.4 8V FlexPower 5p Aut.,2019
46.536,42.075,0.09586126869520367,Mes 13,Chevrolet,ONIX HATCH LTZ 1.4 8V FlexPower 5p Aut.,2015
49.737,43.421400000000006,0.12697991434947817,Mes 13,Chevrolet,ONIX HATCH LTZ 1.4 8V FlexPower 5p Aut.,2016
52.872,48.742200000000004,0.07810939627780292,Mes 13,Chevrolet,ONIX HATCH LTZ 1.4 8V FlexPower 5p Aut.,2017
52.628,49.185900000000004,0.06540434749562964,Mes 13,Chevrolet,ONIX HATCH LTZ 1.4 8V FlexPower 5p Aut.,2018
56.677,50.8023,0.1036522751733507,Mes 13,Chevrolet,ONIX HATCH LTZ 1.4 8V FlexPower 5p Aut.,2019
37.656,34.3089,0.08888623326959841,Mes 13,Chevrolet,ONIX HATCH LT 1.4 8V FlexPower 5p Aut.,2015
45.517,35.1225,0.22836522617922975,Mes 13,Chevrolet,ONIX HATCH LT 1.4 8V FlexPower 5p Aut.,2016
37.656,34.3089,0.08888623326959841,Mes 13,Chevrolet,ONIX HATCH LT 1.4 8V FlexPower 5p Mec.,2015
39.98,35.1225,0.12149824912456215,Mes 13,Chevrolet,ONIX HATCH LT 1.4 8V FlexPower 5p Mec.,2016
43.658,39.9195,0.08563149938155669,Mes 13,Chevrolet,ONIX HATCH LT 1.4 8V FlexPower 5p Mec.,2017
45.379,40.902300000000004,0.09865135855792313,Mes 13,Chevrolet,ONIX HATCH LT 1.4 8V FlexPower 5p Mec.,2018
44.942,42.4395,0.05568288015664629,Mes 13,Chevrolet,ONIX HATCH LT 1.4 8V FlexPower 5p Mec.,2019
45.787,40.712399999999995,0.11083058510057449,Mes 13,Chevrolet,PRISMA Sed. LT 1.4 8V FlexPower 4p Aut.,2015
48.563,44.3142,0.08749047628853247,Mes 13,Chevrolet,PRISMA Sed. LT 1.4 8V FlexPower 4p Aut.,2016
51.789,47.3346,0.08601054277935469,Mes 13,Chevrolet,PRISMA Sed. LT 1.4 8V FlexPower 4p Aut.,2017
54.632,48.096900000000005,0.11962036901449687,Mes 13,Chevrolet,PRISMA Sed. LT 1.4 8V FlexPower 4p Aut.,2018
58.125,52.3125,0.1,Mes 13,Chevrolet,PRISMA Sed. LT 1.4 8V FlexPower 4p Aut.,2019
48.71,44.217000000000006,0.09223978649148008,Mes 13,Chevrolet,PRISMA Sed. LTZ 1.4 8V FlexPower 4p Aut.,2015
50.883,47.2005,0.07237191203348868,Mes 13,Chevrolet,PRISMA Sed. LTZ 1.4 8V FlexPower 4p Aut.,2016
57.515,51.632999999999996,0.10226897331131019,Mes 13,Chevrolet,PRISMA Sed. LTZ 1.4 8V FlexPower 4p Aut.,2017
59.392,53.5725,0.09798457704741387,Mes 13,Chevrolet,PRISMA Sed. LTZ 1.4 8V FlexPower 4p Aut.,2018
62.635,55.590300000000006,0.11247225991857575,Mes 13,Chevrolet,PRISMA Sed. LTZ 1.4 8V FlexPower 4p Aut.,2019
40.175,34.776,0.1343870566272556,Mes 13,Chevrolet,PRISMA Sed. ADVANT. 1.0 8V FlexPower 4p,2015
52.447,47.7225,0.09008141552424363,Mes 13,Chevrolet,SPIN ADVANTAGE 1.8 8V Econo.Flex 5p Aut.,2015
56.763,51.9786,0.08428729982559058,Mes 13,Chevrolet,SPIN ADVANTAGE 1.8 8V Econo.Flex 5p Aut.,2017
60.961,55.0602,0.09679631239645013,Mes 13,Chevrolet,SPIN ADVANTAGE 1.8 8V Econo.Flex 5p Aut.,2018
56.152,50.6358,0.09823692833736995,Mes 13,Chevrolet,SPIN ACTIV 1.8 8V Econo. Flex 5p Mec.,2015
53.177,52.223400000000005,0.017932564830659768,Mes 13,Chevrolet,SPIN ACTIV 1.8 8V Econo. Flex 5p Mec.,2016
51.415,45.0585,0.1236312360206165,Mes 13,Chevrolet,SPIN ADVANTAGE 1.8 8V Econo.Flex 5p Mec.,2015
64.69,58.302,0.09874787447828101,Mes 13,Chevrolet,CRUZE LT 1.8 16V FlexPower 4p Aut.,2015
68.068,60.42960000000001,0.1122171945701356,Mes 13,Chevrolet,CRUZE LT 1.8 16V FlexPower 4p Aut.,2016
74.602,64.269,0.13850835098254735,Mes 13,Chevrolet,CRUZE LTZ 1.8 16V FlexPower 4p Aut.,2015
74.038,70.1694,0.05225154650314705,Mes 13,Chevrolet,CRUZE LTZ 1.8 16V FlexPower 4p Aut.,2016
106.152,96.8373,0.08774869997739093,Mes 13,Chevrolet,CRUZE LT 1.8 16V FlexPower 4p Mec.,2015
57.825,55.426500000000004,0.041478599221789855,Mes 13,Citroën,AIRCROSS Exclusive 1.6 Flex 16V 5p Aut.,2015
53.64,50.409,0.06023489932885909,Mes 13,Citroën,AIRCROSS Exclusive 1.6 Flex 16V 5p Mec.,2015
52.122,50.301899999999996,0.03491999539541851,Mes 13,Citroën,C3 Picasso Excl. 1.6 Flex 16V 5p Aut.,2015
75.418,67.35600000000001,0.10689755761224107,Mes 13,Citroën,C4 LOUNGE Exclusive 1.6 Turbo 4p Aut.,2015
57.555,50.9985,0.11391712275215012,Mes 13,Citroën,C4 LOUNGE Origine 2.0 Flex 4p Mec.,2015
61.589,54.3024,0.11831008784036111,Mes 13,Citroën,C4 LOUNGE Tendance 2.0 Flex 4p Mec.,2015
61.089,57.8961,0.05226636546677801,Mes 13,Citroën,C4 LOUNGE Tendance 2.0 Flex 4p Mec.,2016
29.351,25.5879,0.12821028244352825,Mes 13,Fiat,UNO ATTRACTIVE 1.0 Fire Flex 8V 5p,2015
31.097,28.418400000000002,0.08613692639161331,Mes 13,Fiat,UNO ATTRACTIVE 1.0 Fire Flex 8V 5p,2016
35.81,31.7799,0.11254118961184029,Mes 13,Fiat,UNO ATTRACTIVE 1.0 Fire Flex 8V 5p,2019
39.349,33.8769,0.13906579582708578,Mes 13,Fiat,UNO ATTRACTIVE 1.0 Fire Flex 8V 5p,2020
53.785,48.2004,0.10383192339871702,Mes 13,Fiat,Idea Adv./ Adv.LOCK.Dualogic 1.8 Flex 5p,2015
55.898,52.472699999999996,0.06127768435364426,Mes 13,Fiat,Idea Adv./ Adv.LOCK.Dualogic 1.8 Flex 5p,2016
40.246,37.7793,0.06129056303732055,Mes 13,Fiat,Idea Adv./ Adv.LOCK.Dualogic 1.8 Flex 5p,2015
43.036,40.7061,0.054138395761687934,Mes 13,Fiat,Idea Adv./ Adv.LOCK.Dualogic 1.8 Flex 5p,2016
40.246,37.7793,0.06129056303732055,Mes 13,Fiat,Idea ATTRACTIVE 1.4 Fire Flex 8V 5p,2015
43.036,40.7061,0.054138395761687934,Mes 13,Fiat,Idea ATTRACTIVE 1.4 Fire Flex 8V 5p,2016
51.838,47.2635,0.0882460743084224,Mes 13,Fiat,Idea Advent./ Adv.LOCKER 1.8 mpi Flex 5p,2015
54.092,50.7879,0.061082969755231795,Mes 13,Fiat,Idea Advent./ Adv.LOCKER 1.8 mpi Flex 5p,2016
48.763,41.8356,0.14206262945265877,Mes 13,Fiat,Idea ELX 1.4 mpi Fire Flex 8V 5p,2015
44.611,38.2914,0.14166012866781724,Mes 13,Fiat,Grand Siena ESSEN. ITALIA Dual. 1.6 Flex,2015
39.097,33.7698,0.13625597871959497,Mes 13,Fiat,Grand Siena ATTRAC. 1.4 EVO F.Flex 8V,2015
40.615,36.4545,0.10243752308260493,Mes 13,Fiat,Grand Siena ATTRAC. 1.4 EVO F.Flex 8V,2016
43.41,38.213100000000004,0.11971665514858311,Mes 13,Fiat,Grand Siena ATTRAC. 1.4 EVO F.Flex 8V,2017
43.421,40.3083,0.07168651113516494,Mes 13,Fiat,Grand Siena ATTRAC. 1.4 EVO F.Flex 8V,2018
45.277,40.7961,0.09896636261236386,Mes 13,Fiat,Grand Siena ATTRAC. 1.4 EVO F.Flex 8V,2019
46.439,42.0264,0.09501927259415573,Mes 13,Fiat,Grand Siena ATTRAC. 1.4 EVO F.Flex 8V,2020
43.778,38.178000000000004,0.1279181323952669,Mes 13,Fiat,Grand Siena ESSEN.SUBLIME 1.6 Flex,2015
45.091,40.6215,0.09912177596416144,Mes 13,Fiat,Grand Siena ESSEN.SUBLIME 1.6 Flex,2016
49.538,43.1901,0.1281420323791836,Mes 13,Fiat,Grand Siena ESSEN.SUBLIME 1.6 Flex,2017
53.798,48.3849,0.10061898211829436,Mes 13,Fiat,Grand Siena ESSEN.SUBLIME 1.6 Flex,2018
45.958,40.3857,0.12124766090778534,Mes 13,Fiat,Grand Siena TETRAFUEL 1.4 Evo F. Flex 8V,2015
43.952,44.6652,0.016226792864943586,Mes 13,Fiat,Grand Siena TETRAFUEL 1.4 Evo F. Flex 8V,2016
52.543,49.9581,0.04919589669413618,Mes 17,Fiat,Grand Siena TETRAFUEL 1.4 Evo F. Flex 8V,2018
49.22,45.301500000000004,0.07961194636326685,Mes 13,Fiat,LINEA ESSENCE 1.8 Flex 16V 4p,2015
49.959,48.4731,0.029742388758782216,Mes 13,Fiat,LINEA ESSENCE 1.8 Flex 16V 4p,2016
64.496,58.599000000000004,0.0914320267923591,Mes 13,Ford,EcoSport FREESTYLE 2.0 16V Flex 5p Aut.,2015
64.519,58.571099999999994,0.09218834761853115,Mes 32,Ford,EcoSport FREESTYLE 2.0 16V Flex 5p Aut.,2016
59.812,57.830400000000004,0.03313047548986814,Mes 13,Ford,EcoSport SE 2.0 16V Flex 5p Aut.,2015
62.709,59.572799999999994,0.05001196000574095,Mes 13,Ford,EcoSport SE 2.0 16V Flex 5p Aut.,2016
67.58,63.4149,0.06163213968629765,Mes 19,Ford,EcoSport SE 2.0 16V Flex 5p Aut.,2017
81.662,61.7562,0.24375841884842406,Mes 36,Ford,EcoSport SE 2.0 16V Flex 5p Aut.,2019
NaN,NaN,NaN,Mes 13,Ford,EcoSport XLT 2.0/ 2.0 Flex 16V 5p Mec.,2015
54.585,50.201100000000004,0.080313272877164,Mes 13,Ford,EcoSport SE 1.6 16V Flex 5p Mec.,2015
55.86,51.471900000000005,0.07855531686358744,Mes 13,Ford,EcoSport SE 1.6 16V Flex 5p Mec.,2016
60.146,53.2368,0.11487380706946428,Mes 13,Ford,EcoSport SE 1.6 16V Flex 5p Mec.,2017
33.785,29.1015,0.13862660944205996,Mes 13,Ford,Ka 1.0 SE/SE Plus TiVCT Flex 5p,2015
35.398,32.333400000000005,0.08657551274083276,Mes 13,Ford,Ka 1.0 SE/SE Plus TiVCT Flex 5p,2016
35.705,33.1101,0.07267609578490396,Mes 13,Ford,Ka 1.0 SE/SE Plus TiVCT Flex 5p,2017
38.113,33.9705,0.10868994831159967,Mes 13,Ford,Ka 1.0 SE/SE Plus TiVCT Flex 5p,2018
39.583,36.6507,0.07407978172447763,Mes 13,Ford,Ka 1.0 SE/SE Plus TiVCT Flex 5p,2019
43.866,37.107,0.1540828887977021,Mes 13,Ford,Ka 1.0 SE/SE Plus TiVCT Flex 5p,2020
46.55,42.1929,0.09360042964554234,Mes 13,Ford,Fiesta 1.6 16V Flex Aut. 5p,2015
48.404,45.002700000000004,0.07026898603421203,Mes 13,Ford,Fiesta 1.6 16V Flex Aut. 5p,2016
52.351,47.046600000000005,0.10132375694829122,Mes 13,Ford,Fiesta Sedan 1.6 16V Flex Aut.,2015
53.811,48.609,0.09667168422813176,Mes 13,Ford,Fiesta Sedan 1.6 16V Flex Aut.,2016
43.894,39.096,0.10930878935617629,Mes 13,Ford,Fiesta 1.6 16V Flex Mec. 5p,2015
45.053,42.3576,0.05982731449625995,Mes 13,Ford,Fiesta 1.6 16V Flex Mec. 5p,2016
40.069,35.203500000000005,0.12142803663680145,Mes 13,Ford,Fiesta 1.5 16V Flex Mec. 5p,2015
42.639,37.394999999999996,0.12298599873355394,Mes 13,Ford,Fiesta 1.5 16V Flex Mec. 5p,2016
129.903,118.944,0.08436294773792745,Mes 13,Ford,Ranger Limited 3.2 20V 4x4 CD Aut. Dies.,2015
139.005,121.6053,0.1251731952088054,Mes 13,Ford,Ranger Limited 3.2 20V 4x4 CD Aut. Dies.,2016
155.012,143.46,0.07452326271514459,Mes 13,Ford,Ranger Limited 3.2 20V 4x4 CD Aut. Dies.,2017
156.899,143.8056,0.08345113735587864,Mes 13,Ford,Ranger Limited 3.2 20V 4x4 CD Aut. Dies.,2018
160.42,147.4065,0.08112143124298712,Mes 13,Ford,Ranger Limited 3.2 20V 4x4 CD Aut. Dies.,2019
185.834,148.9959,0.1982312171077413,Mes 13,Ford,Ranger Limited 3.2 20V 4x4 CD Aut. Dies.,2020
150.566,145.0935,0.036346187054182195,Mes 17,Ford,Ranger TROPIVAN 3.2 20V 4X4 TB Dies.Aut.,2015
164.929,153.9657,0.06647284589126232,Mes 16,Ford,Ranger TROPIVAN 3.2 20V 4X4 TB Dies.Aut.,2016
176.305,156.70350000000002,0.11117949008819936,Mes 14,Ford,Ranger TROPIVAN 3.2 20V 4X4 TB Dies.Aut.,2017
165.149,164.8602,0.0017487238796481301,Mes 28,Ford,Ranger TROPIVAN 3.2 20V 4X4 TB Dies.Aut.,2018
184.526,170.9379,0.0736378613311945,Mes 16,Ford,Ranger TROPIVAN 3.2 20V 4X4 TB Dies.Aut.,2019
188.997,176.5602,0.06580421911458914,Mes 15,Ford,Ranger TROPIVAN 3.2 20V 4X4 TB Dies.Aut.,2020
105.952,93.8079,0.11461888402295374,Mes 13,Ford,Ranger XLS 3.2 20V 4x4 CD Diesel Mec.,2015
107.509,99.8973,0.07080058413714199,Mes 13,Ford,Ranger XLS 3.2 20V 4x4 CD Diesel Mec.,2016
94.066,81.7929,0.13047328471498734,Mes 13,Ford,Ranger XLS 2.2 4x4 CD Diesel Mec.,2015
93.363,90.6327,0.02924391889720767,Mes 13,Ford,Ranger XLS 2.2 4x4 CD Diesel Mec.,2016
105.095,98.145,0.06613064370331607,Mes 13,Ford,Ranger XLS 2.2 4x4 CD Diesel Mec.,2017
106.728,98.019,0.08159995502586004,Mes 13,Ford,Ranger XLS 2.2 4x4 CD Diesel Mec.,2018
110.915,100.57860000000001,0.09319208402830995,Mes 13,Ford,Ranger XLS 2.2 4x4 CD Diesel Mec.,2019
118.985,104.4747,0.1219506660503425,Mes 13,Ford,Ranger XLS 2.2 4x4 CD Diesel Mec.,2020
55.36,52.3008,0.05526011560693636,Mes 21,Honda,CITY Sedan DX 1.5 Flex 16V Aut.,2016
59.672,52.0371,0.12794778120391465,Mes 15,Honda,CITY Sedan DX 1.5 Flex 16V Aut.,2017
60.452,55.5678,0.08079468007675511,Mes 13,Honda,CITY Sedan EX 1.5 Flex 16V 4p Aut.,2015
62.975,56.6262,0.10081460897181428,Mes 14,Honda,CITY Sedan EX 1.5 Flex 16V 4p Aut.,2016
67.895,59.039100000000005,0.13043523087119804,Mes 14,Honda,CITY Sedan EX 1.5 Flex 16V 4p Aut.,2017
69.455,62.6841,0.09748614210639979,Mes 15,Honda,CITY Sedan EX 1.5 Flex 16V 4p Aut.,2018
69.251,64.8108,0.06411748566807705,Mes 13,Honda,CITY Sedan EX 1.5 Flex 16V 4p Aut.,2019
75.478,64.4229,0.14646784493494788,Mes 13,Honda,CITY Sedan EX 1.5 Flex 16V 4p Aut.,2020
47.325,44.0757,0.06865927099841532,Mes 13,Honda,CITY Sedan DX 1.5 Flex 16V Mec.,2015
49.746,45.9108,0.07709564588107587,Mes 15,Honda,CITY Sedan DX 1.5 Flex 16V Mec.,2016
54.32,48.4443,0.10816826215022095,Mes 15,Honda,CITY Sedan DX 1.5 Flex 16V Mec.,2017
52.978,50.4459,0.04779531126127826,Mes 15,Honda,CITY Sedan DX 1.5 Flex 16V Mec.,2018
55.21,52.072199999999995,0.056833906900923846,Mes 13,Honda,CITY Sedan DX 1.5 Flex 16V Mec.,2019
58.784,51.4035,0.1255528715296679,Mes 13,Honda,CITY Sedan DX 1.5 Flex 16V Mec.,2020
49.966,45.558,0.08821998959292321,Mes 13,Honda,Fit DX 1.5 Flexone 16V 5p Aut.,2015
53.181,46.467000000000006,0.12624809612455562,Mes 13,Honda,Fit DX 1.5 Flexone 16V 5p Aut.,2016
57.714,49.401,0.14403784177149384,Mes 13,Honda,Fit DX 1.5 Flexone 16V 5p Aut.,2017
123.733,113.90400000000001,0.07943717520790729,Mes 13,Honda,Fit CX 1.4 Flex 16V 5p Aut.,2015
134.793,140.12910000000002,0.03958736729652145,Mes 16,Honda,Fit CX 1.4 Flex 16V 5p Aut.,2016
45.256,41.4,0.08520417182252081,Mes 13,Honda,Fit CX 1.4 Flex 16V 5p Aut.,2015
72.832,50.3667,0.3084537016695957,Mes 22,Honda,Fit DX 1.5 Flexone 16V 5p Mec.,2020
77.289,72.60300000000001,0.06062958506385117,Mes 13,Honda,Civic Sedan EXR 2.0 Flexone 16V Aut. 4p,2016
106.152,96.8373,0.08774869997739093,Mes 13,Honda,Civic Coupe Si 2.4 16V 206cv Mec. 2p,2015
45.049,38.8818,0.13689982019578684,Mes 13,Hyundai,HB20 C.Style/C.Plus 1.6 Flex 16V Aut.,2015
47.399,43.14960000000001,0.08965168041519851,Mes 13,Hyundai,HB20 C.Style/C.Plus 1.6 Flex 16V Aut.,2016
50.204,44.2872,0.11785515098398539,Mes 13,Hyundai,HB20 C.Style/C.Plus 1.6 Flex 16V Aut.,2017
50.364,46.719,0.0723731236597569,Mes 13,Hyundai,HB20 C.Style/C.Plus 1.6 Flex 16V Aut.,2018
52.267,47.457,0.09202747431457711,Mes 13,Hyundai,HB20 C.Style/C.Plus 1.6 Flex 16V Aut.,2019
45.02,40.945499999999996,0.09050422034651283,Mes 13,Hyundai,HB20 Copa do Mundo 1.6 Flex 16V Aut.,2015
52.099,48.8763,0.06185723334420999,Mes 13,Hyundai,HB20 Copa do Mundo 1.6 Flex 16V Aut.,2019
41.64,36.3195,0.1277737752161384,Mes 13,Hyundai,HB20 C./C.Plus/C.Style 1.6 Flex 16V Mec.,2015
41.176,38.8656,0.056110355546920565,Mes 13,Hyundai,HB20 C./C.Plus/C.Style 1.6 Flex 16V Mec.,2016
46.035,38.8935,0.15513196480938404,Mes 13,Hyundai,HB20 C./C.Plus/C.Style 1.6 Flex 16V Mec.,2017
46.52,43.083,0.07388220120378342,Mes 13,Hyundai,HB20 C./C.Plus/C.Style 1.6 Flex 16V Mec.,2018
48.145,43.5897,0.09461626337106661,Mes 13,Hyundai,HB20 C./C.Plus/C.Style 1.6 Flex 16V Mec.,2019
38.451,33.7905,0.12120621050167743,Mes 13,Hyundai,HB20 Copa do Mundo 1.0 Flex 12V Mec.,2015
44.167,39.366,0.10870106640704602,Mes 13,Hyundai,HB20 Copa do Mundo 1.0 Flex 12V Mec.,2019
46.67,43.6635,0.06442039854296128,Mes 13,Hyundai,HB20S Copa do Mundo 1.6 Flex 16V Aut.,2015
57.445,52.8867,0.07935068326225089,Mes 13,Hyundai,HB20S Copa do Mundo 1.6 Flex 16V Aut.,2019
50.79,46.132200000000005,0.09170702894270515,Mes 13,Hyundai,HB20S Premium 1.6 Flex 16V Aut. 4p,2015
57.096,49.3344,0.13593947036569978,Mes 13,Hyundai,HB20S Premium 1.6 Flex 16V Aut. 4p,2016
60.054,52.9596,0.11813367968828055,Mes 13,Hyundai,HB20S Premium 1.6 Flex 16V Aut. 4p,2017
60.855,56.2725,0.07530194725166373,Mes 13,Hyundai,HB20S Premium 1.6 Flex 16V Aut. 4p,2018
64.173,56.929500000000004,0.11287457341872746,Mes 13,Hyundai,HB20S Premium 1.6 Flex 16V Aut. 4p,2019
43.738,38.3085,0.1241369061228222,Mes 13,Hyundai,HB20S C.Plus/C.Style 1.6 Flex 16V Mec.4p,2015
46.756,41.3406,0.11582256822653773,Mes 13,Hyundai,HB20S C.Plus/C.Style 1.6 Flex 16V Mec.4p,2016
49.985,43.757999999999996,0.12457737321196367,Mes 13,Hyundai,HB20S C.Plus/C.Style 1.6 Flex 16V Mec.4p,2017
51.838,46.570499999999996,0.1016146456267604,Mes 13,Hyundai,HB20S C.Plus/C.Style 1.6 Flex 16V Mec.4p,2018
52.719,48.24,0.08495988163660159,Mes 13,Hyundai,HB20S C.Plus/C.Style 1.6 Flex 16V Mec.4p,2019
39.356,36.0477,0.08406088017074913,Mes 13,Hyundai,HB20S Copa do Mundo 1.0 Flex 12V Mec.,2015
48.521,43.029,0.11318810411986557,Mes 13,Hyundai,HB20S Copa do Mundo 1.0 Flex 12V Mec.,2019
85.322,80.41499999999999,0.0575115445020043,Mes 13,Hyundai,ix35 GLS 2.0 16V 2WD Flex Aut.,2015
90.558,84.8889,0.0626018684158219,Mes 13,Hyundai,ix35 GLS 2.0 16V 2WD Flex Aut.,2016
101.884,94.1418,0.07599034195752029,Mes 13,Hyundai,ix35 GLS 2.0 16V 2WD Flex Aut.,2017
100.522,107.919,0.07358588169753875,Mes 13,Hyundai,ix35 GLS 2.0 16V 2WD Flex Aut.,2018
99.061,99.2286,0.0016918868172135662,Mes 13,Hyundai,ix35 GLS 2.0 16V 2WD Flex Aut.,2019
81.5,76.00500000000001,0.06742331288343546,Mes 13,Hyundai,Tucson 2.0 16V Mec.,2015
88.555,79.9875,0.09674778386313601,Mes 13,Jeep,COMPASS SPORT 2.0 16V 156cv 5p,2015
78.448,74.2302,0.05376555170303892,Mes 13,Kia,SOUL 1.6/ 1.6 16V FLEX Aut.,2015
79.75,74.8845,0.0610094043887147,Mes 13,Kia,SOUL 1.6/ 1.6 16V FLEX Aut.,2016
78.588,74.48400000000001,0.052221713238662204,Mes 13,Kia,SOUL 1.6/ 1.6 16V FLEX Aut.,2017
78.366,73.16550000000001,0.06636168746650321,Mes 13,Kia,SOUL 1.6/ 1.6 16V FLEX Aut.,2018
80.137,74.4876,0.07049677427405568,Mes 13,Kia,SOUL 1.6/ 1.6 16V FLEX Aut.,2019
131.572,118.48500000000001,0.09946645182865647,Mes 13,Kia,Sportage 2.0 16V Aut.,2015
139.663,124.2441,0.11040075037769492,Mes 13,Kia,Sportage 2.0 16V Aut.,2016
160.025,141.66090000000003,0.11475769411029513,Mes 18,Kia,Sportage 2.0 16V Aut.,2017
163.697,149.3406,0.08770105744149256,Mes 13,Kia,Sportage 2.0 16V Aut.,2018
63.885,58.480199999999996,0.08460201925334589,Mes 13,Kia,Cerato 1.6 16V Flex Aut.,2015
64.258,59.737500000000004,0.07034921721808944,Mes 13,Kia,Cerato 1.6 16V Flex Aut.,2016
68.094,60.368399999999994,0.11345492994977532,Mes 13,Kia,Cerato 1.6 16V Flex Aut.,2017
68.45,63.579600000000006,0.07115266617969315,Mes 13,Kia,Cerato 1.6 16V Flex Aut.,2018
68.639,65.0547,0.05221958361864245,Mes 13,Kia,Cerato 1.6 16V Flex Aut.,2019
168.212,153.94500000000002,0.08481558985090225,Mes 13,Land Rover,Range Rover EVOQUE Pure Tech 2.0 Aut. 5p,2015
168.212,153.94500000000002,0.08481558985090225,Mes 13,Land Rover,Range Rover EVOQUE Pure Tech 2.0 Aut. 5p,2015
51.516,48.343500000000006,0.06158280922431851,Mes 13,Lifan,X60 1.8 16V 128cv 5p Mec.,2015
56.63,50.3532,0.11083877803284481,Mes 13,Lifan,X60 1.8 16V 128cv 5p Mec.,2016
59.312,53.6319,0.09576645535473423,Mes 13,Lifan,X60 1.8 16V 128cv 5p Mec.,2018
62.095,56.647800000000004,0.08772364924712127,Mes 13,Lifan,X60 1.8 16V 128cv 5p Mec.,2019
121.858,109.7154,0.09964548901180063,Mes 13,Mercedes-Benz,CLA-200 Urban 1.6 TB 16V/Flex Aut.,2015
128.95,113.6961,0.11829313687475757,Mes 13,Mercedes-Benz,CLA-200 Urban 1.6 TB 16V/Flex Aut.,2016
138.455,120.7602,0.12780181286338532,Mes 13,Mercedes-Benz,CLA-200 Urban 1.6 TB 16V/Flex Aut.,2017
131.931,120.5235,0.08646565250017063,Mes 13,Mercedes-Benz,CLA-200 Vision 1.6 TB 16V Flex Aut.,2015
147.992,126.873,0.1427036596572787,Mes 13,Mercedes-Benz,CLA-200 Vision 1.6 TB 16V Flex Aut.,2016
155.809,143.3043,0.08025659621716323,Mes 13,Mercedes-Benz,CLA-200 Vision 1.6 TB 16V Flex Aut.,2017
164.852,152.1747,0.07690109916773835,Mes 13,Mercedes-Benz,CLA-250 Sport 4MATIC 2.0 16V 211cv Aut.,2015
180.655,154.25639999999999,0.1461271484320944,Mes 13,Mercedes-Benz,CLA-250 Sport 4MATIC 2.0 16V 211cv Aut.,2016
194.326,172.557,0.11202309521114008,Mes 13,Mercedes-Benz,CLA-250 Sport 4MATIC 2.0 16V 211cv Aut.,2017
204.51,180.2619,0.11856681824849638,Mes 13,Mercedes-Benz,CLA-250 Sport 4MATIC 2.0 16V 211cv Aut.,2018
216.715,196.77960000000002,0.09198901783448302,Mes 13,Mercedes-Benz,CLA-250 Sport 4MATIC 2.0 16V 211cv Aut.,2019
136.525,123.4719,0.09560959531221389,Mes 13,Mercedes-Benz,GLA 200 Vis. Black Ed. 1.6 TB 16V Aut.,2015
136.427,123.0309,0.0981924399129204,Mes 13,Mercedes-Benz,CLA-200 First Edition 1.6 TB 16V Aut.,2015
111.936,108.89280000000001,0.027186963979416796,Mes 13,Mini,COOPER Countryman S 1.6 Aut.,2015
123.425,119.96549999999999,0.028029167510634036,Mes 16,Mini,COOPER Countryman S 1.6 Aut.,2016
123.733,113.90400000000001,0.07943717520790729,Mes 13,Mini,COOPER Countryman S ALL4 1.6 Aut.,2015
134.793,140.12910000000002,0.03958736729652145,Mes 16,Mini,COOPER Countryman S ALL4 1.6 Aut.,2016
49.966,45.558,0.08821998959292321,Mes 13,Mini,COOPER Countryman S ALL4 1.6 Aut.,2015
141.683,46.467000000000006,0.6720354594411467,Mes 13,Mini,COOPER Countryman S ALL4 1.6 Aut.,2016
53.181,46.467000000000006,0.12624809612455562,Mes 13,Mini,COOPER Countryman S ALL4 1.6 Aut.,2016
57.714,49.401,0.14403784177149384,Mes 13,Mini,COOPER Countryman S ALL4 1.6 Aut.,2017
90.234,86.913,0.03680430879712745,Mes 13,Mitsubishi,L200 Triton HPE 3.5 CD V6 24V Flex Aut.,2015
97.25,90.774,0.06659125964010282,Mes 13,Mitsubishi,L200 Triton HPE 3.5 CD V6 24V Flex Aut.,2016
113.567,102.7989,0.09481715639226175,Mes 13,Mitsubishi,L200 Triton HPE 3.5 CD V6 24V Flex Aut.,2017
105.757,97.3125,0.07984814243974399,Mes 13,Mitsubishi,L200 Triton Savana 3.2 CD TBI Dies. Mec.,2015
111.051,107.4573,0.032360807196693396,Mes 13,Mitsubishi,L200 Triton Savana 3.2 CD TBI Dies. Mec.,2016
119.854,104.1705,0.13085504029903045,Mes 13,Mitsubishi,L200 Triton Savana 3.2 CD TBI Dies. Mec.,2017
125.245,113.1255,0.09676633797756398,Mes 13,Mitsubishi,L200 Triton Savana 3.2 CD TBI Dies. Mec.,2018
71.274,63.2385,0.11274097146224428,Mes 13,Mitsubishi,L200 Triton HLS 2.4 Flex 16V CD Mec.,2015
75.428,67.38210000000001,0.10666993689346117,Mes 13,Mitsubishi,L200 Triton HLS 2.4 Flex 16V CD Mec.,2016
NaN,NaN,NaN,Mes 13,Mitsubishi,L200 Triton HLS 2.4 Flex 16V CD Mec.,2017
72.829,69.408,0.046973046451276174,Mes 13,Mitsubishi,ASX 2.0 16V 160cv Mec.,2015
78.981,71.964,0.08884415239108136,Mes 13,Mitsubishi,ASX 2.0 16V 160cv Mec.,2016
77.947,77.2254,0.00925757245307721,Mes 14,Mitsubishi,ASX 2.0 16V 160cv Mec.,2017
80.965,73.93950000000001,0.0867720620020996,Mes 13,Mitsubishi,ASX 2.0 16V 160cv Mec.,2018
122.69,112.62150000000001,0.08206455293829967,Mes 13,Mitsubishi,OUTLANDER 3.0/ GT 3.0 V6 Aut.,2015
138.274,124.60499999999999,0.09885444841401862,Mes 13,Mitsubishi,OUTLANDER 3.0/ GT 3.0 V6 Aut.,2016
146.391,129.2418,0.11714654589421468,Mes 15,Mitsubishi,OUTLANDER 3.0/ GT 3.0 V6 Aut.,2017
151.256,137.2923,0.09231832125667734,Mes 13,Mitsubishi,OUTLANDER 3.0/ GT 3.0 V6 Aut.,2018
94.432,87.2055,0.07652596577431381,Mes 13,Mitsubishi,OUTLANDER 2.0 16V 160cv Aut.,2015
111.51,95.409,0.1443906376109766,Mes 13,Mitsubishi,OUTLANDER 2.0 16V 160cv Aut.,2016
118.47,108.0576,0.08789060521651056,Mes 16,Mitsubishi,OUTLANDER 2.0 16V 160cv Aut.,2017
118.691,110.81880000000001,0.06632516366026062,Mes 13,Mitsubishi,OUTLANDER 2.0 16V 160cv Aut.,2018
81.5,76.00500000000001,0.06742331288343546,Mes 13,Mitsubishi,ASX 2.0 16V 160cv Aut.,2015
84.934,75.9321,0.10598700167188632,Mes 13,Mitsubishi,ASX 2.0 16V 160cv Aut.,2016
87.635,81.98100000000001,0.06451760141495973,Mes 14,Mitsubishi,ASX 2.0 16V 160cv Aut.,2017
92.011,85.59,0.06978513438610592,Mes 13,Mitsubishi,ASX 2.0 16V 4x4 160cv Aut.,2015
96.893,90.78840000000001,0.0630035193460827,Mes 13,Mitsubishi,ASX 2.0 16V 4x4 160cv Aut.,2016
101.12,94.02390000000001,0.07017503955696196,Mes 13,Mitsubishi,ASX 2.0 16V 4x4 160cv Aut.,2017
92.011,85.59,0.06978513438610592,Mes 13,Mitsubishi,ASX 2.0 16V 160cv Aut.,2015
122.69,112.62150000000001,0.08206455293829967,Mes 13,Mitsubishi,ASX 2.0 16V 160cv Aut.,2015
81.5,76.00500000000001,0.06742331288343546,Mes 13,Mitsubishi,ASX 2.0 16V 4x4 160cv Aut.,2015
84.934,75.9321,0.10598700167188632,Mes 13,Mitsubishi,ASX 2.0 16V 4x4 160cv Aut.,2016
87.635,81.98100000000001,0.06451760141495973,Mes 14,Mitsubishi,ASX 2.0 16V 4x4 160cv Aut.,2017
64.369,60.5709,0.059005111155991205,Mes 13,Mitsubishi,Lancer 2.0 16V 160cv Aut.,2015
74.578,69.5844,0.06695808415350372,Mes 13,Mitsubishi,Lancer GT 2.0 16V 160cv Aut.,2015
76.703,70.56,0.08008813214606991,Mes 13,Mitsubishi,Lancer GT 2.0 16V 160cv Aut.,2016
76.62,71.32050000000001,0.06916601409553634,Mes 13,Mitsubishi,Lancer GT 2.0 16V 160cv Aut.,2017
75.015,71.5707,0.045914817036592656,Mes 13,Mitsubishi,Lancer GT 2.0 16V 160cv Aut.,2018
59.522,55.518299999999996,0.06726420483182692,Mes 13,Mitsubishi,Lancer 2.0 16V 160cv Mec.,2015
56.845,55.417500000000004,0.025112147066584482,Mes 13,Mitsubishi,Lancer 2.0 16V 160cv Mec.,2016
57.705,53.154,0.07886664933714574,Mes 13,Mitsubishi,Lancer 2.0 16V 160cv Mec.,2017
58.978,53.553599999999996,0.09197327817152168,Mes 13,Mitsubishi,Lancer 2.0 16V 160cv Mec.,2018
98.884,87.9534,0.11053962218356861,Mes 13,Nissan,Frontier SV AT.CD 4x4 2.5 TB Diesel Mec.,2015
107.45,98.20530000000001,0.08603722661703113,Mes 13,Nissan,Frontier SV AT.CD 4x4 2.5 TB Diesel Mec.,2016
45.83,41.9625,0.08438795548767183,Mes 13,Nissan,VERSA SL 1.6 16V Flex Fuel 4p Mec.,2016
40.51,38.490300000000005,0.049856825475191144,Mes 13,Nissan,VERSA SV 1.6 16V Flex Fuel 4p Mec.,2016
56.531,51.303599999999996,0.09246961843944036,Mes 13,Nissan,Sentra S 2.0/ 2.0 Flex Fuel 16V Mec.,2015
57.53,55.2195,0.04016165478880592,Mes 13,Nissan,Sentra S 2.0/ 2.0 Flex Fuel 16V Mec.,2016
45.264,40.968,0.09490986214209966,Mes 13,Peugeot,208 Active Pack 1.6 Flex 16V 5p Aut.,2015
54.669,50.6835,0.07290237611809243,Mes 13,Peugeot,208 Active Pack 1.6 Flex 16V 5p Aut.,2019
57.983,50.9589,0.12114067916458268,Mes 13,Peugeot,208 Active Pack 1.6 Flex 16V 5p Aut.,2020
50.03,45.239399999999996,0.09575454727163711,Mes 13,Peugeot,208 Griffe 1.6 Flex 16V 5p Aut.,2015
54.852,50.209199999999996,0.08464231021658283,Mes 13,Peugeot,208 Griffe 1.6 Flex 16V 5p Aut.,2016
59.232,52.714800000000004,0.11002836304700155,Mes 13,Peugeot,208 Griffe 1.6 Flex 16V 5p Aut.,2017
61.12,55.737899999999996,0.08805791884816756,Mes 13,Peugeot,208 Griffe 1.6 Flex 16V 5p Aut.,2018
62.209,56.718900000000005,0.08825250365702708,Mes 13,Peugeot,208 Griffe 1.6 Flex 16V 5p Aut.,2019
66.91,58.0932,0.1317710357196233,Mes 13,Peugeot,208 Griffe 1.6 Flex 16V 5p Aut.,2020
48.307,44.5824,0.0771026973316497,Mes 13,Peugeot,208 Griffe 1.6 Flex 16V 5p Mec.,2015
51.209,47.997,0.06272334941123636,Mes 13,Peugeot,208 Griffe 1.6 Flex 16V 5p Mec.,2016
31.317,25.668,0.18038126257304343,Mes 13,Renault,LOGAN Authentique Hi-Flex 1.0 16V 4p,2015
35.615,32.2965,0.09317703214937527,Mes 13,Renault,LOGAN Authentique Hi-Flex 1.0 16V 4p,2016
34.198,32.76090000000001,0.04202292531726984,Mes 30,Renault,LOGAN Authentique Hi-Flex 1.0 16V 4p,2017
44.914,41.3055,0.08034243220376719,Mes 13,Renault,LOGAN Dyna. EasyR Hi-Flex 1.6 8V,2015
44.967,43.3296,0.03641336980452331,Mes 13,Renault,LOGAN Dyna. EasyR Hi-Flex 1.6 8V,2016
47.979,43.2639,0.0982742449821797,Mes 13,Renault,LOGAN Dyna. EasyR Hi-Flex 1.6 8V,2017
58.396,55.1385,0.05578293033769437,Mes 13,Renault,DUSTER Dynamique 2.0 Flex 16V Aut.,2015
62.786,62.6274,0.002526040837129294,Mes 13,Renault,DUSTER Dynamique 2.0 Flex 16V Aut.,2016
64.807,64.0395,0.011842856481552892,Mes 13,Renault,DUSTER Dynamique 2.0 Flex 16V Aut.,2017
69.934,68.1129,0.02604026653702064,Mes 13,Renault,DUSTER Dynamique 2.0 Flex 16V Aut.,2018
66.542,70.0605,0.05287637882840917,Mes 13,Renault,DUSTER Dynamique 2.0 Flex 16V Aut.,2019
70.18,66.30120000000001,0.05526930749501279,Mes 13,Renault,DUSTER Dynamique 2.0 Flex 16V Aut.,2020
61.441,56.5524,0.07956576227600468,Mes 13,Renault,DUSTER TECHROAD 2.0 Hi-Flex 16V Aut.,2015
57.123,54.7686,0.04121632267212853,Mes 13,Renault,DUSTER Dynamique 2.0 Hi-Flex 16V Mec.,2015
63.031,57.974399999999996,0.08022401675366095,Mes 13,Renault,DUSTER Dynamique 2.0 Hi-Flex 16V Mec.,2016
63.542,61.2027,0.03681501998678042,Mes 13,Renault,DUSTER Dynamique 2.0 Hi-Flex 16V Mec.,2017
68.714,65.0043,0.05398754256774454,Mes 13,Renault,DUSTER Dynamique 2.0 Hi-Flex 16V Mec.,2018
64.809,67.71780000000001,0.04488265518677983,Mes 13,Renault,DUSTER Dynamique 2.0 Hi-Flex 16V Mec.,2019
47.919,43.3935,0.09444061854379253,Mes 13,Renault,DUSTER 1.6 Hi-Flex 16V Mec.,2015
NaN,NaN,NaN,Mes 13,Renault,DUSTER 1.6 Hi-Flex 16V Mec.,2016
63.191,60.0129,0.050293554461869575,Mes 13,Renault,FLUENCE Sed. Dyn. Plus 2.0 16V FLEX Aut.,2015
67.205,61.665299999999995,0.08242987872926127,Mes 13,Renault,FLUENCE Sed. Dyn. Plus 2.0 16V FLEX Aut.,2016
72.309,67.3965,0.06793760112849015,Mes 13,Renault,FLUENCE Sed. Dyn. Plus 2.0 16V FLEX Aut.,2017
72.558,68.9652,0.049516249069709896,Mes 13,Renault,FLUENCE Sed. Dyn. Plus 2.0 16V FLEX Aut.,2018
61.594,58.2507,0.054279637627041584,Mes 13,Renault,FLUENCE Sed. Dynamique 2.0 16V FLEX Aut.,2015
65.235,58.96710000000001,0.09608185789836729,Mes 13,Renault,FLUENCE Sed. Dynamique 2.0 16V FLEX Aut.,2016
55.569,59.1318,0.064114884198024,Mes 32,Renault,FLUENCE Sed. Dynamique 2.0 16V FLEX Aut.,2017
56.75,57.679199999999994,0.016373568281938228,Mes 32,Renault,FLUENCE Sed. Dynamique 2.0 16V FLEX Aut.,2018
58.177,53.0775,0.08765491517266272,Mes 13,Renault,FLUENCE Sed. Dynamique 2.0 16V FLEX Mec.,2015
63.82,56.9313,0.10793951739266687,Mes 13,Renault,FLUENCE Sed. Dynamique 2.0 16V FLEX Mec.,2016
69.934,68.1129,0.02604026653702064,Mes 13,Renault,DUSTER Dynamique 2.0 Flex 16V Aut.,2018
66.542,70.0605,0.05287637882840917,Mes 13,Renault,DUSTER Dynamique 2.0 Flex 16V Aut.,2019
99.205,87.3999,0.11899702635955844,Mes 13,SsangYong,ACTYON SPORTS 2.0 16V 155cv Diesel,2015
83.258,72.1035,0.13397511350260635,Mes 13,Toyota,Hilux CD SR 4x2 2.7 16V/2.7 Flex Aut.,2015
98.02,90.6579,0.07510814119567434,Mes 13,Toyota,Hilux CD SR 4x2 2.7 16V/2.7 Flex Aut.,2017
103.02,91.0215,0.11646767617938258,Mes 13,Toyota,Hilux CD SR 4x2 2.7 16V/2.7 Flex Aut.,2018
106.356,95.6268,0.1008800631840234,Mes 13,Toyota,Hilux CD SR 4x2 2.7 16V/2.7 Flex Aut.,2019
124.005,99.52560000000001,0.1974065561872504,Mes 13,Toyota,Hilux CD SR 4x2 2.7 16V/2.7 Flex Aut.,2020
101.157,85.7781,0.15203001275245412,Mes 13,Toyota,Hilux CD D4-D 4x4 3.0 TDI Dies. Mec.,2015
83.186,75.60000000000001,0.09119322962998579,Mes 13,Toyota,Hilux CD 4x4 2.7 16V Flex Mec.,2015
127.245,107.9217,0.15185901214193095,Mes 14,Toyota,RAV4 2.5 4x4 16V Aut.,2015
105.771,82.76129999999999,0.21754261565079283,Mes 14,Toyota,RAV4 2.0 4x2 16V Aut.,2015
112.797,106.6527,0.0544721934093992,Mes 15,Toyota,RAV4 2.0 4x2 16V Aut.,2018
85.171,75.078,0.11850277676673988,Mes 13,Toyota,Corolla ALTIS 2.0 Flex 16V Aut.,2015
86.697,82.575,0.0475448977473269,Mes 13,Toyota,Corolla ALTIS 2.0 Flex 16V Aut.,2016
96.056,84.88799999999999,0.11626551178479227,Mes 13,Toyota,Corolla ALTIS 2.0 Flex 16V Aut.,2017
101.182,96.25500000000001,0.048694431815935565,Mes 13,Toyota,Corolla ALTIS 2.0 Flex 16V Aut.,2018
60.522,56.6856,0.06338851987706946,Mes 13,Toyota,Corolla GLi 1.8 Flex 16V Mec.,2015
61.121,57.0681,0.06630945174326337,Mes 13,Toyota,Corolla GLi 1.8 Flex 16V Mec.,2016
63.899,56.828700000000005,0.11064805396015581,Mes 13,Toyota,Corolla GLi 1.8 Flex 16V Mec.,2017
106.152,96.8373,0.08774869997739093,Mes 13,Toyota,Corolla XLi 1.6 16V 110cv Mec.,2015
102.228,95.4396,0.06640450757131115,Mes 13,Toyota,Corolla ALTIS 2.0 Flex 16V Aut.,2019
44.285,37.9395,0.14328779496443478,Mes 13,Toyota,ETIOS CROSS 1.5 Flex 16V 5p Mec.,2015
47.332,42.5421,0.10119792106819916,Mes 13,Toyota,ETIOS CROSS 1.5 Flex 16V 5p Mec.,2016
52.404,46.1655,0.11904625601099156,Mes 13,Toyota,ETIOS CROSS 1.5 Flex 16V 5p Mec.,2017
43.827,37.913399999999996,0.13493052228078586,Mes 13,Toyota,ETIOS PLATINUM 1.5 Flex 16V 5p Mec.,2015
43.926,41.6052,0.05283431225242449,Mes 13,Toyota,ETIOS PLATINUM 1.5 Flex 16V 5p Mec.,2016
33.192,28.5048,0.14121475054229937,Mes 13,Toyota,ETIOS X 1.3 Flex 16V 5p Mec.,2015
36.91,33.129000000000005,0.10243836358710355,Mes 13,Toyota,ETIOS X 1.3 Flex 16V 5p Mec.,2016
38.733,34.223400000000005,0.11642785221903783,Mes 13,Toyota,ETIOS X 1.3 Flex 16V 5p Mec.,2017
40.012,37.269,0.06855443366989908,Mes 13,Toyota,ETIOS X 1.3 Flex 16V 5p Mec.,2018
40.057,39.2733,0.01956462041590741,Mes 13,Toyota,ETIOS X 1.3 Flex 16V 5p Mec.,2019
46.589,39.254400000000004,0.15743201184829025,Mes 13,Toyota,ETIOS X 1.3 Flex 16V 5p Mec.,2020
99.281,90.882,0.08459826150018634,Mes 13,Toyota,PRIUS Hybrid 1.8 16V 5p Aut.,2015
107.616,94.869,0.11844892952720786,Mes 19,Toyota,PRIUS Hybrid 1.8 16V 5p Aut.,2016
112.012,101.1915,0.09660125700817765,Mes 17,Toyota,PRIUS Hybrid 1.8 16V 5p Aut.,2017
111.585,103.4055,0.07330286328807627,Mes 14,Toyota,PRIUS Hybrid 1.8 16V 5p Aut.,2018
106.685,102.366,0.04048366686975678,Mes 21,Toyota,PRIUS Hybrid 1.8 16V 5p Aut.,2019
52.12,46.4697,0.10840943975441279,Mes 13,Volkswagen,CROSSFOX 1.6 Mi Total Flex 8V 5p,2015
56.268,48.6261,0.13581253998720408,Mes 13,Volkswagen,CROSSFOX I MOTION 1.6 Mi T. Flex 8V 5p,2015
28.854,26.388,0.08546475358702424,Mes 13,Volkswagen,Gol (novo) 1.0 Mi Total Flex 8V 4p,2015
35.53,31.141799999999996,0.12350689558119912,Mes 13,Volkswagen,Gol (novo) 1.6 Mi Total Flex 8V 4p,2015
35.798,32.5125,0.09177887032795125,Mes 13,Volkswagen,up! black/white/red 1.0 T. Flex 12V 5p,2015
40.142,35.6013,0.11311593841861393,Mes 13,Volkswagen,up! black/white/red 1.0 T. Flex 12V 5p,2016
39.179,34.29,0.1247862375252049,Mes 13,Volkswagen,up! black/white/red I MOTION 1.0 Flex 5p,2015
40.538,36.8235,0.09163007548473023,Mes 13,Volkswagen,up! black/white/red I MOTION 1.0 Flex 5p,2016
37.365,32.9814,0.11731834604576478,Mes 13,Volkswagen,up! cross 1.0 T. Flex 12V 5p,2015
38.44,36.018,0.06300728407908421,Mes 13,Volkswagen,up! cross 1.0 T. Flex 12V 5p,2016
43.019,35.8569,0.16648690113670694,Mes 13,Volkswagen,up! cross 1.0 T. Flex 12V 5p,2017
38.15,34.848,0.08655307994757536,Mes 13,Volkswagen,up! cross I MOTION 1.0 T.Flex 12V 5p,2015
40.995,35.5698,0.13233809001097688,Mes 13,Volkswagen,up! cross I MOTION 1.0 T.Flex 12V 5p,2016
43.746,38.115,0.12872034014538472,Mes 13,Volkswagen,up! cross I MOTION 1.0 T.Flex 12V 5p,2017
134.48,113.44680000000001,0.15640392623438415,Mes 15,Volkswagen,AMAROK High.CD 2.0 16V TDI 4x4 Dies. Aut,2015
136.227,125.8506,0.07616992226210666,Mes 13,Volkswagen,AMAROK High.CD 2.0 16V TDI 4x4 Dies. Aut,2016
146.01,126.9846,0.13030203410725288,Mes 13,Volkswagen,AMAROK High.CD 2.0 16V TDI 4x4 Dies. Aut,2017
151.898,136.1997,0.10334764118026564,Mes 13,Volkswagen,AMAROK High.CD 2.0 16V TDI 4x4 Dies. Aut,2018
151.327,141.0867,0.06767001262167353,Mes 13,Volkswagen,AMAROK High.CD 2.0 16V TDI 4x4 Dies. Aut,2019
191.964,149.3928,0.2217665812339814,Mes 14,Volkswagen,AMAROK High.CD 2.0 16V TDI 4x4 Dies. Aut,2020
91.532,83.0331,0.09285168028667562,Mes 14,Volkswagen,AMAROK SE CD 2.0 16V TDI 4x4 Diesel,2015
103.71,96.993,0.0647671391379809,Mes 13,Volkswagen,AMAROK SE CD 2.0 16V TDI 4x4 Diesel,2016
107.539,98.20530000000001,0.08679362835808398,Mes 13,Volkswagen,AMAROK SE CD 2.0 16V TDI 4x4 Diesel,2017
113.899,104.1552,0.08554772210467175,Mes 13,Volkswagen,AMAROK SE CD 2.0 16V TDI 4x4 Diesel,2018
116.965,112.0608,0.04192878211430772,Mes 13,Volkswagen,AMAROK SE CD 2.0 16V TDI 4x4 Diesel,2019
158.784,120.44700000000002,0.24144120314389345,Mes 14,Volkswagen,AMAROK SE CD 2.0 16V TDI 4x4 Diesel,2020
108.904,91.7622,0.15740285021670453,Mes 17,Volkswagen,AMAROK Trendline CD 2.0 16V TDI 4x4 Dies,2015
109.849,98.92620000000001,0.09943467851323175,Mes 18,Volkswagen,AMAROK Trendline CD 2.0 16V TDI 4x4 Dies,2016
118.02,108.07560000000001,0.08426029486527697,Mes 13,Volkswagen,AMAROK Trendline CD 2.0 16V TDI 4x4 Dies,2017
48.763,41.8356,0.14206262945265877,Mes 13,Volkswagen,SPACEFOX 1.6/ 1.6 Trend Total Flex 8V 5p,2015
51.518,48.7233,0.05424705928025154,Mes 17,Volkswagen,SPACEFOX COMFORTLINE 1.6 Mi T.Flex 8V 5p,2015
55.45,49.382999999999996,0.10941388638412997,Mes 13,Volkswagen,SPACEFOX COMFORTLINE 1.6 Mi T.Flex 8V 5p,2016
60.613,52.794900000000005,0.12898388134558583,Mes 15,Volkswagen,SPACEFOX COMFORTLINE 1.6 Mi T.Flex 8V 5p,2017
60.774,56.6595,0.06770164873136537,Mes 13,Volkswagen,SPACEFOX COMFORTLINE 1.6 Mi T.Flex 8V 5p,2018
32.6,30.050100000000004,0.07821779141104286,Mes 13,Volkswagen,Saveiro 1.6 Mi/ 1.6 Mi Total Flex 8V,2015
35.891,29.8818,0.16742916051377782,Mes 13,Volkswagen,VOYAGE Trendline 1.0 T.Flex 8V 4p,2015
35.158,33.318000000000005,0.05233517264918358,Mes 13,Volkswagen,VOYAGE Trendline 1.0 T.Flex 8V 4p,2016
37.303,32.6781,0.12398198536310745,Mes 13,Volkswagen,VOYAGE Trendline 1.0 T.Flex 8V 4p,2017
37.255,31.698,0.14916118641793052,Mes 13,Volkswagen,VOYAGE Comfortline 1.0 T.Flex 8V 4p,2015
40.814,34.6635,0.15069583966286082,Mes 13,Volkswagen,VOYAGE Comfortline 1.0 T.Flex 8V 4p,2016
53.815,48.24,0.10359565176995254,Mes 15,Volkswagen,SPACEFOX SPORTLINE/HIGHLINE 1.6 T.Flex,2015
48.362,45.18000000000001,0.06579545924486156,Mes 13,Volkswagen,SPACEFOX TREND I MOTION 1.6 T. Flex 8V,2015
72.941,63.62819999999999,0.1276757927640149,Mes 13,Volkswagen,Golf Comfortline 1.4 TSI 140cv Aut.,2015
68.12,58.70700000000001,0.1381826189078097,Mes 13,Volkswagen,Golf Comfortline 1.4 TSI 140cv Mec.,2015
